,industry_code,industry_detail,industry_region,ACID,ENRG,ETOX,EUTR,FOOD,GCC,HAPS,HAZW,HC,HNC,HRSP,HTOX,JOBS,LAND,METL,MINE,MSW,NREN,OZON,PEST,REN,SMOG,VADD,WATR
2,111200,"fresh vegetables, melons, and potatoes",us-ga,0.00563731,0.00233957,22.17905158,0.00569521,0.00099954,0.35432762,0.0003492,2.22e-06,0.0,1e-08,0.0013483,1e-08,111.5264856,3.69835857,2.39e-06,0.0,0.00388297,0.0,1.242e-05,0.00095126,0.00233957,0.01731705,0.60459651,0.45179903
4,111400,"greenhouse crops, mushrooms, nurseries, and flowers",us-ga,0.00077976,3.63e-06,0.00625095,9.669e-05,0.00181227,0.65727402,9.638e-05,4.48e-06,0.0,0.0,0.00011158,0.0,233.88158878,1.58402878,2e-08,0.0,0.00707761,0.0,5.24e-06,4.605e-05,3.63e-06,0.03209911,0.53402019,0.05625125
5,111900,"tobacco, cotton, sugarcane, peanuts, sugar beets, herbs and spices, and other crops",us-ga,0.00441849,0.00438784,24.67332824,0.00932567,0.00049798,0.90779869,0.00024114,1.31e-06,0.0,1e-08,0.01210476,1e-08,200.01202,30.29919434,1e-08,0.0,0.00193452,0.0,5.24e-06,0.00052453,0.00438784,0.03523143,0.46604189,2.72586829
9,112a00,animal farms and aquaculture ponds (except cattle and poultry),us-ga,0.0232156,1.093e-05,0.0001129,0.00169667,0.00038044,0.72520023,8.89e-06,1.1e-06,0.0,0.0,0.0008456,0.0,247.28366771,21.03759421,2e-08,0.0,0.00148452,0.0,0.0,0.0,1.093e-05,0.00887062,0.62470012,0.32731731
10,113000,timber and raw forest products,us-ga,0.000875,0.00016384,0.95336478,0.00045367,0.00134553,-25.09694034,0.00015772,3.55e-06,0.0,0.0,0.00051783,0.0,467.7376975,149.39462017,8e-08,0.0,0.0052557,0.0,1.6e-07,1.948e-05,0.00016384,0.02550689,0.59425869,0.08534071
11,114000,wild-caught fish and game,us-ga,1.42e-06,1.064e-05,0.00574225,1.414e-05,0.00053347,0.1898345,3.4e-07,1.45e-06,0.0,0.0,1.24e-06,0.0,287.49433642,0.00399986,5e-08,0.0,0.00208627,0.0,0.0,1.1e-07,1.064e-05,4.413e-05,0.75010621,0.00049383
13,211000,unrefined oil and gas,us-ga,0.00217491,116.25908155,0.00171205,0.00036056,0.00013122,0.44522964,0.00033089,3.777e-05,0.0,0.0,0.00010303,0.0,198.24588493,0.6203168,1e-08,0.0,0.00050994,116.25907661,2e-08,0.0,4.93e-06,0.09734838,0.80668812,0.00328311
14,212100,coal,us-ga,0.0003735,372.4405631,9.4e-06,4.514e-05,0.00033066,1.44995701,1.03e-06,7.3e-07,0.0,0.0,0.00114988,0.0,74.1,0.06457447,3.2e-07,0.0,0.00128452,372.4405631,0.0,0.0,0.0,0.01296674,0.51817612,0.00029185
15,212230,"copper, nickel, lead, and zinc",us-ga,0.00046033,8.183e-05,0.00048761,2.408e-05,0.00011374,0.24030849,5.95e-06,4.915e-05,0.0,0.0,0.00037117,0.0,4.98021232,0.00056816,1.58e-06,0.06903255,0.00044186,0.0,0.0,0.0,8.183e-05,0.00561617,0.20088632,0.00682782
16,2122a0,"iron, gold, silver, and other metal ores",us-ga,0.00048812,0.00146422,0.00077075,7.619e-05,0.00010402,0.13916892,1.131e-05,3.83e-05,0.0,0.0,0.00043123,0.0,9.23967787,0.0006734,6.6e-07,0.25640714,0.0004041,0.0,1e-08,0.0,0.00146422,0.01167195,0.1764594,0.00731805
18,2123a0,"sand, gravel, clay, phosphate, other nonmetallic minerals",us-ga,0.00151381,0.4787488,0.00091222,0.00152153,0.00058813,0.74045178,6.284e-05,1.139e-05,0.0,0.0,0.00244377,0.0,267.36151642,0.06924018,1.5e-07,6.9045148,0.00239535,0.47873995,0.0,0.0,8.85e-06,0.03394412,0.56794862,0.02098951
19,213111,well drilling,us-ga,0.00130623,69.528958,0.00102173,0.0002163,0.00038226,0.28965973,0.00019863,9.69e-06,0.0,0.0,6.178e-05,0.0,181.55205294,0.37103515,1e-08,0.0,0.00148497,69.528958,1e-08,0.0,0.0,0.05841628,0.76526307,0.00251217
21,221100,electricity,us-ga,0.02200079,48.269159,0.00681192,0.00057675,0.00045489,6.83453653,0.00045874,3.12e-06,0.0,0.0,0.00178661,0.0,345.14266586,0.00758238,2.42e-06,0.0,0.00176714,37.4003104,1.3e-07,1e-08,10.8688486,0.1342725,0.72012686,0.31273173
22,221200,natural gas,us-ga,0.00344084,7.46002452,0.00115742,9.844e-05,0.00023626,1.00631515,7.729e-05,8.5e-07,0.0,0.0,0.00027847,0.0,166.70427452,0.00129229,4.4e-07,0.0,0.00091781,5.78023812,2e-08,0.0,1.6797864,0.02239756,0.56103358,0.04826921
23,221300,drinking water and wastewater treatment,us-ga,0.00052604,1.01717499,0.00025544,0.01155438,0.00026117,0.39323174,4.149e-05,3.363e-05,0.0,0.0,4.577e-05,0.0,459.51611288,0.0006575,1.99e-06,0.0,0.00102332,0.78813597,0.0,0.0,0.22903902,0.0053306,0.53884283,0.00962162
27,233230,manufacturing structures,us-ga,0.0002897,0.02923168,0.00016755,5.06e-05,2.487e-05,0.06619732,9.976e-05,7.995e-05,0.0,0.0,0.00042358,0.0,391.30903025,0.00057612,5.6e-07,0.0,0.0007857,0.0,2.5e-07,0.0,0.02923168,0.0111554,0.60330113,0.00234617
28,233240,power and communication structures,us-ga,0.00110661,1.68647173,0.00044597,9.978e-05,9.21e-05,0.29031284,3.313e-05,5.8e-07,0.0,0.0,0.00057301,0.0,481.80076476,0.00160039,8e-08,2.38819556,0.00040536,1.30672602,0.0,0.0,0.37974571,0.01654844,0.62244196,0.01330651
31,2332a0,"commercial structures, including farm structures",us-ga,0.00053522,1.241e-05,0.000292,6.742e-05,0.00030982,0.12438141,2.847e-05,5.15e-06,0.0,0.0,0.00049448,0.0,930.35659329,0.00061753,1e-08,0.0,0.00138384,0.0,0.0,0.0,1.241e-05,0.01939007,0.62124431,0.00035468
32,2332b0,other nonresidential structures,us-ga,0.00045273,3.69e-06,0.00026306,7.229e-05,0.00012089,0.11947674,2.487e-05,3.28e-06,0.0,0.0,0.00048703,0.0,1137.58661151,0.01983373,9e-08,0.0,0.00043168,0.0,0.0,0.0,3.69e-06,0.01640077,0.63096075,0.00038673
37,311119,other animal food,us-ga,1.936e-05,1.815e-05,6.623e-05,1.977e-05,0.00069009,0.02834669,2.72e-06,3.921e-05,0.0,0.0,1.334e-05,0.0,563.79659696,0.00015706,2e-07,0.0,0.00176494,0.0,1e-08,0.0,1.815e-05,0.00038438,0.18569219,0.00096377
38,311210,flours and malts,us-ga,0.00028276,1.1e-07,3.372e-05,7.17e-06,0.00055425,0.09120327,6.863e-05,0.00024324,0.0,0.0,4.603e-05,0.0,18.17164972,0.00065822,7e-08,0.0,0.00107085,0.0,1.3e-07,0.0,1.1e-07,0.00132058,0.15707726,0.00148226
40,311225,"refined vegetable, olive, and seed oils",us-ga,8.397e-05,1.37e-06,2.026e-05,0.00016622,0.00020983,0.05819005,4.154e-05,1.005e-05,0.0,0.0,2.41e-05,0.0,6.48128237,0.00029519,1e-08,0.0,0.00040399,0.0,0.0,0.0,1.37e-06,0.00144788,0.0899547,0.00068052
41,31122a,vegetable oils and by-products,us-ga,0.0004009,2.01e-06,9.045e-05,4.122e-05,0.00016521,0.05994005,0.00015829,1.577e-05,0.0,0.0,0.00011397,0.0,17.46446801,0.0003629,3e-08,0.0,0.00031824,0.0,1e-08,0.0,2.01e-06,0.00616705,0.06176705,0.00074691
42,311230,breakfast cereals,us-ga,5.925e-05,0.00303777,6.93e-06,1.155e-05,0.00133468,0.11758139,2.46e-06,5.62e-06,0.0,0.0,0.00024355,0.0,14.3905989,0.00066884,0.0,0.0,0.00256968,0.0,0.0,0.0,0.00303777,0.00200932,0.44549871,0.00348597
43,311300,"sugar, candy, and chocolate",us-ga,0.00075745,0.00032898,0.00010697,5.371e-05,0.00148442,0.14376545,2.195e-05,7.75e-06,0.0,0.0,0.00040645,0.0,68.75089217,0.00077271,2.7e-07,0.0,0.00285815,0.0,0.0,0.0,0.00032898,0.01226632,0.30234145,0.00332138
44,311410,frozen food,us-ga,2.9e-05,0.00012916,1.549e-05,6.703e-05,0.00175261,0.0646345,4.27e-06,7.12e-06,0.0,0.0,1.058e-05,0.0,82.33459174,0.00143875,1e-08,0.0,0.00337431,0.0,0.0,0.0,0.00012916,0.00081033,0.20306966,0.00911872
45,311420,fruit and vegetable preservation,us-ga,5.684e-05,0.00246568,1.911e-05,1.122e-05,0.00199836,0.10865673,1.206e-05,8.93e-06,0.0,0.0,1.312e-05,0.0,87.40745808,0.00126848,5e-08,0.0,0.00384746,0.0,4e-08,0.0,0.00246568,0.00126267,0.18902198,0.01344639
46,311513,cheese,us-ga,1.238e-05,1.182e-05,2.62e-06,1.144e-05,0.00065045,0.0274197,1.79e-06,3.71e-06,0.0,0.0,5.07e-06,0.0,40.51564838,0.00051134,1e-08,0.0,0.00125233,0.0,0.0,0.0,1.182e-05,0.00023278,0.12104917,0.00308133
47,311514,"dry, condensed, and evaporated dairy",us-ga,1.598e-05,0.00029311,6.11e-06,1.024e-05,0.00043626,0.03403755,1.14e-06,5.81e-06,0.0,0.0,1.597e-05,0.0,20.82994104,0.00046248,0.0,0.0,0.00083994,0.0,0.0,0.0,0.00029311,0.00042285,0.09972096,0.00164707
48,31151a,fluid milk and butter,us-ga,8.51e-06,7.61e-05,3.09e-06,4.05e-06,0.00086676,0.03201295,7.4e-07,4.28e-06,0.0,0.0,3.62e-06,0.0,60.69616099,0.00100265,0.0,0.0,0.00166919,0.0,0.0,0.0,7.61e-05,0.00026831,0.17569089,0.0051001
49,311520,ice cream and frozen desserts,us-ga,7.01e-06,7.4e-07,3.72e-06,1.01e-06,0.00226102,0.03480591,1.9e-07,1.277e-05,0.0,0.0,1.21e-06,0.0,26.96931729,0.00135678,0.0,0.0,0.00435416,0.0,0.0,0.0,7.4e-07,0.00014845,0.29245802,0.00675807
50,311615,packaged poultry,us-ga,2.175e-05,0.00203502,9.339e-05,5.98e-05,0.00281277,0.0387422,3.3e-07,1.121e-05,0.0,0.0,2.53e-06,0.0,191.90136235,0.00085328,0.0,0.0,0.00542167,0.0,0.0,0.0,0.00203502,0.0001592,0.18353961,0.00267884
51,31161a,packaged meat (except poultry),us-ga,3.079e-05,0.00048941,3.96e-06,4.941e-05,0.00119681,0.04093982,1.08e-06,5.6e-06,0.0,0.0,7.73e-06,0.0,361.85685874,0.00047918,0.0,0.0,0.00236048,0.0,0.0,0.0,0.00048941,0.00059986,0.17457918,0.00218489
52,311700,seafood,us-ga,0.00010693,4.858e-05,2.67e-06,0.00268187,0.00215616,0.0677263,3.8e-07,2.645e-05,0.0,0.0,7.64e-06,0.0,36.29916564,0.00049874,0.0,0.0,0.00415127,0.0,1e-08,0.0,4.858e-05,0.00314726,0.24331158,0.00422462
53,311810,bread and other baked goods,us-ga,1.517e-05,0.0001401,2.03e-05,7.75e-06,0.00878037,0.03652369,8.6e-07,2.088e-05,0.0,0.0,2.54e-06,0.0,1333.72937891,0.0012921,0.0,0.0,0.02381276,0.0,1e-08,0.0,0.0001401,0.00239837,0.43456402,0.00446222
54,3118a0,"cookies, crackers, pastas, and tortillas",us-ga,7.664e-05,0.00024486,5.2e-06,5.33e-06,0.0032892,0.04651521,2.52e-06,1.44e-05,0.0,0.0,1.449e-05,0.0,95.09837539,0.0004016,1e-08,0.0,0.00633273,0.0,1e-08,0.0,0.00024486,0.00344623,0.3371762,0.00372633
55,311910,snack foods,us-ga,4.13e-05,0.00115772,9.07e-06,5.68e-06,0.00115124,0.04226527,1.94e-06,5.8e-06,0.0,0.0,1.895e-05,0.0,291.75892189,0.00031477,5e-08,0.0,0.002239,0.0,4e-08,0.0,0.00115772,0.00141158,0.39844515,0.00196578
57,311930,flavored drink concentrates,us-ga,1.899e-05,0.0013592,3.95e-06,2.51e-06,0.00152698,0.02599461,6.85e-06,0.00011259,0.0,0.0,2.56e-06,0.0,33.69003312,0.00060319,0.0,0.0,0.00296694,0.0,0.0,0.0,0.0013592,0.00026834,0.5418855,0.00342225
58,311940,seasonings and dressings,us-ga,0.00029031,0.0088842,5.667e-05,5.035e-05,0.00158235,0.02553375,1.335e-05,4.09e-05,0.0,0.0,3.477e-05,0.0,48.10012705,0.00039302,6e-08,0.0,0.00307997,0.0,1e-08,1e-08,0.0088842,0.00128095,0.24808133,0.0030702
59,311990,all other foods,us-ga,0.00019124,0.12087008,0.00012136,9.497e-05,0.00238736,0.04146144,1.413e-05,3.59e-05,0.0,0.0,6.06e-05,0.0,52.22421987,0.0003928,4e-08,0.0,0.00460556,0.0,7e-08,1e-08,0.12087008,0.00161713,0.21883634,0.00439174
60,312110,"soft drinks, bottled water, and ice",us-ga,4.66e-06,4.21e-05,1.66e-06,6.7e-07,0.00161404,0.02235316,2.5e-07,1.978e-05,0.0,0.0,9.3e-07,0.0,87.9979894,0.00108017,0.0,0.0,0.0031122,0.0,0.0,0.0,4.21e-05,0.000159,0.23134736,0.0044301
61,312120,breweries and beer,us-ga,0.00016412,0.00206398,5.852e-05,2.34e-05,0.00073606,0.03832142,6.87e-06,0.00019435,0.0,0.0,1.789e-05,0.0,49.87057051,0.0005287,1e-08,0.0,0.00141714,0.0,1e-08,0.0,0.00206398,0.00188306,0.43518246,0.00190559
63,312140,distilleries and spirits,us-ga,0.00028034,2.67e-06,0.00019047,7.626e-05,0.00033758,0.04942976,9.3e-06,0.00511706,0.0,0.0,4.165e-05,0.0,15.07542841,0.000342,5e-08,0.0,0.00069655,0.0,9e-08,0.0,2.67e-06,0.00773173,0.4187783,0.00175066
64,312200,tobacco products,us-ga,2.094e-05,5.89e-06,0.00017127,1.14e-06,0.00012501,0.00744515,1.36e-06,3.44e-06,0.0,0.0,2.04e-06,0.0,86.42777471,0.00015047,1e-08,0.0,0.0002537,0.0,0.0,0.0,5.89e-06,0.00030838,0.73260453,0.0006605
65,313100,"fiber, yarn, and thread",us-ga,1.727e-05,5.5e-07,3.95e-06,2.44e-06,0.00010221,0.02837574,3.38e-06,1.477e-05,0.0,0.0,5.14e-06,0.0,25.81410537,0.00240325,0.0,0.0,0.00424342,0.0,0.0,0.0,5.5e-07,0.00048213,0.20950187,0.00088804
66,313200,fabric,us-ga,0.00010686,0.09882352,5.027e-05,2.327e-05,0.00010791,0.07262106,1.202e-05,2.377e-05,0.0,0.0,1.284e-05,0.0,55.10955281,0.00244137,4e-08,0.0,0.0044749,0.0,0.0,0.0,0.09882352,0.00298304,0.34675178,0.00119433
67,313300,finished and coated fabric,us-ga,0.00025218,0.00884079,0.00011962,0.00019959,0.00010466,0.0730907,9.203e-05,0.00029567,0.0,0.0,4.051e-05,0.0,42.21704503,0.00300202,1.6e-07,0.0,0.00434498,0.0,1e-08,0.0,0.00884079,0.00439055,0.34382368,0.00191889
68,314110,carpets and rugs,us-ga,0.00020212,5.239e-05,1.455e-05,3.49e-05,0.0001034,0.10887587,3.31e-06,1.45e-05,0.0,0.0,2.712e-05,0.0,31.02173434,0.00233243,9e-08,0.0,0.00429278,0.0,0.0,0.0,5.239e-05,0.00292633,0.27106928,0.0036776
69,314120,curtains and linens,us-ga,2.061e-05,0.04426198,1.2e-05,4.62e-06,0.00016676,0.03242972,2.055e-05,2.504e-05,0.0,0.0,2.76e-06,0.0,28.00691972,0.00287881,3e-08,0.0,0.00690909,0.0,1.3e-07,0.0,0.04426198,0.0007671,0.41577529,0.00092864
70,314900,other textiles,us-ga,3.283e-05,0.01482831,0.00013443,3.37e-06,0.00015134,0.02528665,8.322e-05,0.00013085,0.0,0.0,3.9e-06,0.0,64.99617331,0.00245189,8e-08,0.0,0.00627617,0.0,1e-08,0.0,0.01482831,0.00156617,0.40018149,0.00088919
71,315000,clothing,us-ga,1.6e-05,8.182e-05,5e-06,2.76e-06,0.00021261,0.00882057,2.97e-06,2.555e-05,0.0,0.0,1.26e-06,0.0,628.85761153,0.0017993,6e-08,0.0,0.00651321,0.0,0.0,0.0,8.182e-05,0.00027506,0.36305209,0.001299
72,316000,leather,us-ga,1.206e-05,6.678e-05,4.84e-06,2.159e-05,0.00014364,0.00836088,1.376e-05,2.108e-05,0.0,0.0,4.99e-06,0.0,33.63313935,0.00099749,6e-08,0.0,0.00504804,0.0,1e-08,0.0,6.678e-05,0.00048009,0.20591339,0.00206226
73,321100,lumber and treated lumber,us-ga,0.00024106,3.5144825,0.00135814,0.00015979,9.514e-05,0.03209097,7.784e-05,0.0004722,0.0,0.0,0.00025892,0.0,131.92569545,0.00154974,1.2e-06,0.0,0.0039158,0.0,8e-08,3e-08,3.5144825,0.01096691,0.27042987,0.00182266
74,321200,plywood and veneer,us-ga,0.00075269,0.66190152,0.00198036,9.269e-05,9.404e-05,0.10677313,0.00021812,3.31e-05,0.0,0.0,0.00065544,1e-08,72.58645237,0.00237571,1.51e-06,0.0,0.00390413,0.0,1.5e-07,0.0,0.66190152,0.02614716,0.28673831,0.00262952
75,321910,"wooden windows, door, and flooring",us-ga,5.824e-05,0.06633161,0.00014171,8.08e-06,0.00011358,0.03041946,2.796e-05,7.941e-05,0.0,0.0,8.576e-05,0.0,112.09759793,0.0030745,3e-07,0.0,0.00471546,0.0,1e-07,0.0,0.06633161,0.00305099,0.35000541,0.00331873
76,3219a0,"veneer, plywood, and engineered wood",us-ga,8.947e-05,0.05403183,0.01314697,1.796e-05,0.0001729,0.06729302,3.364e-05,4.115e-05,0.0,0.0,0.00011512,0.0,86.78654666,0.0180648,4.7e-07,0.0,0.00716794,0.0,3e-08,2.7e-07,0.05403183,0.00429021,0.35983973,0.00443881
77,322110,wood pulp,us-ga,0.00757779,86.28559373,0.00687402,0.0011499,3.407e-05,0.90257874,0.00187356,1.642e-05,0.0,0.0,0.00128366,1e-08,21.83728897,0.00180806,3.85e-06,0.0,0.00141443,0.0,7.5e-07,8e-08,86.28559373,0.13089135,0.32086156,0.02637896
78,322120,paper,us-ga,0.00375125,16.96739416,0.00399623,0.00128402,4.744e-05,1.04035828,0.00043418,7.289e-05,0.0,0.0,0.00048051,0.0,61.32608465,0.00167032,1.03e-06,0.0,0.00196915,0.0,2.3e-07,6e-08,16.96739416,0.03870139,0.35619026,0.03217421
79,322130,cardboard,us-ga,0.00313812,23.31340219,0.00213325,0.00129733,2.93e-05,1.10130532,0.00062168,6.03e-06,0.0,0.0,0.00051078,0.0,35.26184094,0.00123554,1.35e-06,0.0,0.00121655,0.0,1.9e-07,6e-08,23.31340219,0.04970068,0.3488362,0.01899556
80,322210,cardboard containers,us-ga,1.815e-05,1.56057736,1.466e-05,3e-06,6.866e-05,0.05002089,2.334e-05,1.858e-05,0.0,0.0,5.08e-06,0.0,150.60107,0.0010727,1e-08,0.0,0.00284763,0.0,0.0,0.0,1.56057736,0.00099727,0.26139438,0.03322067
81,322220,paper bags and coated paper,us-ga,0.00015851,0.38168862,0.00018885,4.142e-05,9.362e-05,0.08153443,0.00011337,0.00027196,0.0,0.0,2.308e-05,0.0,61.82956178,0.00122005,6.4e-07,0.0,0.00387501,0.0,1e-08,0.0,0.38168862,0.00361769,0.33376743,0.04037563
82,322230,stationery,us-ga,8.41e-06,4.673e-05,9.2e-06,1.26e-06,9.274e-05,0.01505297,2.35e-05,5.568e-05,0.0,0.0,1.19e-06,0.0,449.52330091,0.00146973,6e-08,0.0,0.00349487,0.0,1e-08,0.0,4.673e-05,0.00057917,0.36787803,0.0461777
83,322291,"sanitary paper (tissues, napkins, diapers, etc.)",us-ga,0.0019395,8.62597316,0.00181304,0.00056853,5.478e-05,0.48773744,0.00021754,9.539e-05,0.0,0.0,0.00025113,0.0,47.55648161,0.00144937,5e-07,0.0,0.00227425,0.0,1.2e-07,2e-08,8.62597316,0.02254545,0.41657774,0.03615002
84,322299,all other converted paper products,us-ga,8.574e-05,0.02428439,5.097e-05,8.5e-06,8.483e-05,0.06024046,2.934e-05,0.0001204,0.0,0.0,2.932e-05,0.0,18.10918889,0.00116699,4e-08,0.0,0.00345485,0.0,1e-08,0.0,0.02428439,0.00201924,0.35111645,0.04121337
85,323110,"books, newspapers, magazines, and other print media",us-ga,4.759e-05,0.00276904,3.198e-05,6.13e-06,0.00019545,0.09054431,3.448e-05,0.00022303,0.0,0.0,5.34e-06,0.0,537.82636013,0.001669,3e-08,0.0,0.00632821,0.0,1e-08,0.0,0.00276904,0.00253604,0.44497737,0.00119129
87,324110,"gasoline, fuels, and by-products of petroleum refining",us-ga,0.00040565,3.45980915,0.00161456,7.638e-05,5.91e-06,0.23553048,5.969e-05,0.00408577,0.0,0.0,4.837e-05,0.0,86.07018689,0.01850703,1.5e-07,9.67e-06,0.00010193,3.45980915,0.0,0.0,0.0,0.01383788,0.31526391,0.0519651
90,324190,other petroleum and coal products,us-ga,0.00228938,0.00017196,0.00216375,8.13e-05,1.79e-05,0.24615752,6.932e-05,0.00235398,0.0,0.0,0.00024949,0.0,35.64408354,0.00010745,8.5e-07,0.00057525,0.00073883,0.0,2e-08,1e-08,0.00017196,0.01488265,0.51501597,0.03941392
92,325120,compressed gases,us-ga,0.00058166,1.12589269,0.00019925,0.0004986,6.038e-05,1.33468759,3.199e-05,0.00336518,0.0,0.0,8.733e-05,0.0,17.3128108,0.00664745,7.4e-07,0.0,0.00245687,1.11656212,9.32e-06,1e-08,0.00933057,0.01253928,0.57755441,0.01362022
93,325130,synthetic dyes and pigments,us-ga,0.00109643,0.00105914,0.00077644,0.00016466,4.981e-05,0.75834591,0.00041192,0.13858029,0.0,0.0,0.00019917,0.0,20.40923536,0.0003188,4.43e-06,0.0,0.00206776,0.0,2.6e-07,2.37e-06,0.00105914,0.0175745,0.382248,0.00690201
94,325180,other basic inorganic chemicals,us-ga,0.00310879,0.00184906,0.00302102,0.00163453,6.227e-05,0.55973023,6.378e-05,0.10150445,0.0,0.0,0.0004293,0.0,43.7330005,0.00440361,1.32e-06,0.26483998,0.00134424,0.0,1.29e-06,4e-08,0.00184906,0.02404176,0.47195721,0.00756728
95,325190,other basic organic chemicals,us-ga,0.0006458,0.12531307,0.00164009,0.00024458,2.48e-05,0.38543293,5.386e-05,0.0474481,0.0,0.0,0.00010374,0.0,49.00095843,0.00063244,1.5e-07,0.0,0.0005168,0.05963088,8.1e-07,6e-08,0.06568219,0.01330238,0.18060337,0.0077289
96,325211,plastics,us-ga,0.00026281,0.00070051,0.00133598,0.00010597,1.728e-05,0.24035803,6.279e-05,0.00568346,0.0,0.0,4.511e-05,0.0,63.4653543,0.00054123,4e-08,0.0,0.00071752,0.0,3.6e-07,1.4e-07,0.00070051,0.00654704,0.23173393,0.00413671
97,3252a0,synthetic rubber and artificial and synthetic fibers,us-ga,0.00050016,2.278e-05,0.00073628,0.00010614,5.778e-05,0.28930125,0.00014344,0.00588655,0.0,0.0,8.249e-05,0.0,31.42939363,0.00113492,1.7e-07,0.0,0.0023965,0.0,7.64e-06,1.5e-07,2.278e-05,0.01021163,0.2309083,0.00460987
98,325310,fertilizers,us-ga,0.00462957,1.42112217,0.00180105,0.00084602,2.449e-05,1.88225328,6.93e-05,0.00262179,0.0,0.0,0.00036484,0.0,24.02278773,0.00781071,4e-07,0.0,0.00094748,1.42112217,4e-08,7e-08,0.0,0.02781568,0.33518915,0.00272218
99,325320,pesticides,us-ga,0.00050905,0.00206235,0.10102038,0.00024297,2.095e-05,0.11761315,5.059e-05,0.0118276,0.0,0.0,5.579e-05,0.0,18.24536507,0.00017047,2.2e-07,0.0,0.00086993,0.0,4.5e-07,3.13e-06,0.00206235,0.00633279,0.59274947,0.00490102
100,325411,medicinal and botanical ingredients,us-ga,0.00014673,0.00010343,0.00051376,4.954e-05,4.163e-05,0.07020541,1.287e-05,0.00546977,0.0,0.0,1.352e-05,0.0,30.13218495,0.0006091,1e-08,0.0,0.00169295,0.0,3e-08,1e-07,0.00010343,0.00216052,0.61662239,0.01420097
101,325412,"pharmaceutical products (pills, powders, solutions, etc.)",us-ga,2.747e-05,0.00219707,1.807e-05,9.14e-06,4.557e-05,0.01346408,2.3e-06,0.00073885,0.0,0.0,3.26e-06,0.0,210.95628735,0.00071707,1e-08,0.0,0.00184051,0.0,1e-08,0.0,0.00219707,0.00091822,0.70087642,0.02137509
102,325413,"blood sugar, pregnancy, and other diagnostic test kits",us-ga,7.59e-06,0.00014102,4.73e-06,1.02e-06,4.032e-05,0.01571658,1.36e-06,0.00015031,0.0,0.0,8.6e-07,0.0,32.83525014,0.00055567,0.0,0.0,0.00162674,0.0,0.0,0.0,0.00014102,0.00027743,0.65196165,0.0105468
103,325414,vaccines and other biological medical products,us-ga,2.535e-05,0.00014468,5.78e-06,0.00025412,2.688e-05,0.03391641,1.29e-06,0.00017836,0.0,0.0,2.8e-06,0.0,35.20096476,0.00037117,0.0,0.0,0.00111599,0.0,1e-08,0.0,0.00014468,0.00056091,0.76829378,0.00877356
104,325510,paints and coatings,us-ga,4.163e-05,0.00121988,0.00021861,1.116e-05,4.014e-05,0.09862832,0.00461063,0.00262874,0.0,0.0,9.92e-06,0.0,40.85444015,0.00020635,1.9e-07,0.0,0.00166462,0.0,4.7e-07,1e-08,0.00121988,0.05298555,0.37999695,0.00472712
105,325520,adhesives,us-ga,0.00012141,0.00136931,0.00011828,2.75e-05,5.016e-05,0.30398872,4.765e-05,0.00126047,0.0,0.0,1.488e-05,0.0,23.35462112,0.00024947,6e-08,0.0,0.00208003,0.0,1e-08,1e-08,0.00136931,0.00463147,0.34961584,0.00574019
106,325610,soap and cleaning compounds,us-ga,0.0002025,0.00124442,0.00018296,2.7e-05,3.891e-05,0.18241052,1.653e-05,0.00212123,0.0,0.0,3.781e-05,0.0,53.76333806,0.00017487,8e-08,0.0,0.00158318,0.0,4e-08,2e-08,0.00124442,0.00456036,0.59867867,0.00408121
107,325620,toiletries,us-ga,3.498e-05,0.00048866,1.819e-05,3.99e-06,5.426e-05,0.05420975,1.4e-06,0.00010741,0.0,0.0,4.86e-06,0.0,67.3494226,0.00018967,1e-08,0.0,0.00211657,0.0,0.0,0.0,0.00048866,0.00106866,0.62344722,0.00876111
108,325910,ink and ink cartridges,us-ga,9.8e-05,0.00229909,9.269e-05,1.351e-05,4.512e-05,0.19725217,1.54e-05,0.00068323,0.0,0.0,1.054e-05,0.0,8.70570876,0.00026007,1e-08,0.0,0.0018733,0.0,0.0,1e-08,0.00229909,0.00391262,0.400547,0.00601678
109,3259a0,"chemicals (except basic chemicals, agrichemicals, polymers, paints, pharmaceuticals,soaps, cleaning compounds)",us-ga,0.0007575,0.24515297,0.00158738,0.00023583,4.844e-05,0.12552439,6.579e-05,0.00364531,0.0,0.0,0.00011528,0.0,77.63637835,0.00064191,4.2e-07,0.0,0.00197976,0.0,5e-08,1.07e-06,0.24515297,0.00755914,0.36777527,0.00649112
110,326110,"plastic bags, films, and sheets",us-ga,4.977e-05,0.00051649,0.00012406,0.00011182,5.496e-05,0.0484338,2.373e-05,0.00092474,0.0,0.0,1.092e-05,0.0,97.28455098,0.0011191,3e-08,0.0,0.00228179,0.0,2e-08,1e-08,0.00051649,0.00177737,0.31114037,0.0014059
111,326120,"plastic pipe, fittings, and sausage casings",us-ga,6.549e-05,3.965e-05,0.00013808,3.49e-06,8.585e-05,0.01963182,0.00014798,5.468e-05,0.0,0.0,9.77e-06,0.0,69.57589635,0.00204417,2e-08,0.0,0.0035616,0.0,1e-08,0.0,3.965e-05,0.00145938,0.34497831,0.00112397
112,326130,laminated plastic plates and shapes,us-ga,5.678e-05,1.559e-05,0.00098715,9.86e-06,0.00019002,0.06489172,0.00020243,0.00040229,0.0,0.0,2.1e-05,0.0,22.28831767,0.00203517,5e-08,0.0,0.00788909,0.0,0.0,0.0,1.559e-05,0.00335097,0.44527625,0.00343457
113,326140,polystyrene foam products,us-ga,5.061e-05,0.01680158,7.833e-05,9.87e-06,8.552e-05,0.08763176,3.716e-05,0.00017828,0.0,0.0,1.737e-05,0.0,37.67201635,0.00148751,1e-08,0.0,0.00355048,0.0,1e-08,1e-08,0.01680158,0.0055126,0.32573249,0.00119449
114,326150,urethane and other foam products,us-ga,8.118e-05,0.00581452,3.673e-05,1.03e-05,9.064e-05,0.18924466,1.906e-05,8.592e-05,0.0,0.0,1.566e-05,0.0,32.89235918,0.00168446,0.0,0.0,0.00376314,0.0,8e-08,0.0,0.00581452,0.00437405,0.30386513,0.00102273
115,326160,plastic bottles,us-ga,3.3e-06,4.721e-05,3.699e-05,8.1e-07,7.562e-05,0.01400799,1.042e-05,3.638e-05,0.0,0.0,1.9e-06,0.0,38.53758966,0.00127059,0.0,0.0,0.00313932,0.0,0.0,0.0,4.721e-05,0.00025475,0.32513571,0.00055633
116,326190,other plastic products,us-ga,2.375e-05,0.01568735,7.503e-05,3.65e-06,9.707e-05,0.02979829,8.501e-05,0.00022459,0.0,0.0,9.79e-06,0.0,265.49404564,0.00167721,5e-08,0.0,0.00401408,0.0,2e-08,1e-08,0.01568735,0.00118765,0.29555142,0.00135699
118,326220,rubber and plastic belts and hoses,us-ga,3.555e-05,0.00633001,0.00018006,3.375e-05,0.00012933,0.03348323,5.783e-05,0.00012061,0.0,0.0,1.201e-05,0.0,28.08544564,0.00223044,5e-08,0.0,0.00536917,0.0,0.0,3e-08,0.00633001,0.00129411,0.38048454,0.00136166
119,326290,other rubber products,us-ga,3.193e-05,0.00015769,0.00041922,3.7e-06,8.184e-05,0.03808571,5.974e-05,0.00050461,0.0,0.0,1.619e-05,0.0,54.9634053,0.00155737,7e-08,0.0,0.00339771,0.0,2e-08,4e-08,0.00015769,0.00137327,0.34540844,0.0011535
120,327100,clay and ceramic products,us-ga,0.00436109,2.5e-07,0.00031217,0.00020848,0.00015394,0.29060253,0.00016273,0.00015361,0.0,0.0,0.00130741,0.0,38.83348976,0.00262502,1.637e-05,0.0,0.00639117,0.0,2e-08,0.0,2.5e-07,0.05674142,0.51616652,0.0040069
121,327200,glass and glass products,us-ga,0.00209699,6.84e-06,0.00072775,0.00019207,9.77e-05,0.30703963,3.544e-05,0.00062236,0.0,0.0,0.00035447,0.0,85.81204259,0.00336177,1.94e-06,0.0,0.00404748,0.0,7e-08,0.0,6.84e-06,0.0517488,0.4078372,0.00237887
125,327390,other concrete products,us-ga,5.203e-05,1.09e-06,9.36e-06,5.06e-06,0.00015618,0.05060416,6e-06,3.143e-05,0.0,0.0,7.994e-05,0.0,48.2115937,0.00149037,2.6e-07,0.0,0.00648418,0.0,0.0,0.0,1.09e-06,0.00154434,0.42429978,0.00348987
126,327400,lime and gypsum products,us-ga,0.00585828,0.00010944,0.00119359,0.00080769,7.101e-05,2.83096598,0.00013236,0.00010205,0.0,0.0,0.00097366,0.0,14.6348565,0.00249396,5e-07,1.05421788,0.00275636,0.0,0.0,8e-08,0.00010944,0.10072167,0.37836225,0.00193648
127,327910,abrasive products,us-ga,0.00025416,0.00029235,0.00012905,8.67e-06,5.383e-05,0.0360041,1.994e-05,0.00014372,0.0,0.0,5.498e-05,0.0,13.98048184,0.00056586,1.7e-07,0.0,0.00223486,0.0,0.0,0.0,0.00029235,0.00254936,0.5734646,0.004573
128,327991,cut stone and stone products,us-ga,0.00038468,2.658e-05,2.677e-05,2.496e-05,0.0001909,0.05015835,2.685e-05,0.00027661,0.0,0.0,0.00022246,0.0,25.92622992,0.00193407,9e-07,2.49749649,0.0074251,0.0,1.6e-07,0.0,2.658e-05,0.00480462,0.47593947,0.00435896
129,327992,ground or treated minerals and earth,us-ga,0.00267659,4.43e-06,3.883e-05,0.0003133,5.342e-05,0.22347707,1.261e-05,4.66e-05,0.0,0.0,0.00046326,0.0,8.5860735,0.00070262,1.49e-06,0.02128825,0.00211796,0.0,0.0,0.0,4.43e-06,0.02086256,0.45865991,0.00133179
132,331110,"primary iron, steel, and ferroalloy products",us-ga,0.00053996,0.00012702,0.00026887,0.00209683,3.742e-05,0.47042731,1.173e-05,0.01224534,0.0,0.0,0.00013275,0.0,86.12780325,0.00095144,2.92e-06,0.00077066,0.00154876,0.0,0.0,0.0,0.00012702,0.00838952,0.23284876,0.0311506
133,331200,secondary steel products,us-ga,0.00024567,3.268e-05,8.988e-05,0.00833639,7.75e-05,0.12327444,2.22e-05,0.00326884,0.0,0.0,5.518e-05,0.0,62.15404441,0.00154088,3.09e-06,0.0,0.00321764,0.0,1e-08,0.0,3.268e-05,0.00463911,0.28486558,0.0207831
134,33131a,aluminum,us-ga,0.00263487,4.64e-06,0.0028903,0.00074781,3.241e-05,0.65372741,0.00026785,0.00507772,0.0,0.0,0.00057254,0.0,10.67556904,0.00090021,6.28e-06,0.0,0.00134496,0.0,4e-08,0.0,4.64e-06,0.00798685,0.23553058,0.01684424
135,33131b,aluminum products,us-ga,0.00013864,6.3e-07,0.00015383,3.681e-05,5.029e-05,0.12275975,0.00011882,0.0018801,0.0,0.0,7.424e-05,0.0,44.12228221,0.00145812,9.435e-05,0.0,0.00206307,0.0,2e-08,0.0,6.3e-07,0.00393578,0.17942342,0.01482011
139,331490,other secondary nonferrous metal products,us-ga,0.00062995,5.6e-07,0.00011652,1.172e-05,4.357e-05,0.09925342,3.307e-05,0.02202443,0.0,0.0,9.661e-05,0.0,24.20579911,0.00053612,2.7e-06,0.0,0.00171003,0.0,1e-08,0.0,5.6e-07,0.00244354,0.28373788,0.02957363
141,331520,nonferrous metal casts,us-ga,6.407e-05,2.6e-07,0.00015971,7.49e-06,0.00013413,0.11736157,1.166e-05,0.00078436,0.0,0.0,9.696e-05,0.0,51.02746567,0.00194602,6.76e-06,0.0,0.00556873,0.0,0.0,0.0,2.6e-07,0.00227502,0.38256249,0.1509505
142,332114,custom metal rolls,us-ga,4.53e-06,8.5e-07,2.2e-06,6.2e-07,2.797e-05,0.03950444,4.043e-05,8.582e-05,0.0,0.0,1.84e-06,0.0,10.57057063,0.0003903,2.1e-07,0.0,0.00115971,0.0,1e-08,0.0,8.5e-07,0.00061876,0.23765123,0.00067156
143,33211a,"all other forging, stamping, and sintering",us-ga,9.933e-05,0.10108518,6.647e-05,2.92e-05,5.753e-05,0.09560144,3.701e-05,0.00275295,0.0,0.0,2.459e-05,0.0,43.08238139,0.00115101,7.78e-06,0.0,0.00238832,0.0,1e-08,0.0,0.10108518,0.00244206,0.2726643,0.00254325
144,33211b,"lids, jars, bottle caps, other metal closures and crowns",us-ga,7.22e-06,7.51e-06,3.567e-05,1.26e-06,0.00013792,0.02651512,4.158e-05,0.0001333,0.0,0.0,2.87e-06,0.0,47.22471006,0.00153111,2.5e-07,0.0,0.00571414,0.0,1e-08,0.0,7.51e-06,0.00076511,0.37017661,0.00111568
145,332200,cutlery and handtools,us-ga,1.227e-05,5.57e-06,2.267e-05,4.169e-05,0.00011262,0.03248728,4.67e-05,0.00012932,0.0,0.0,1.405e-05,0.0,38.53558169,0.00181364,1.4e-07,0.0,0.00464287,0.0,4e-08,0.0,5.57e-06,0.00095854,0.47654571,0.00113512
146,332310,metal structural products,us-ga,9.77e-06,0.00167483,2.343e-05,1.32e-06,0.00010838,0.01873558,5.603e-05,0.00037836,0.0,0.0,1.162e-05,0.0,185.7583771,0.00189124,1.06e-06,0.0,0.00449118,0.0,4e-08,0.0,0.00167483,0.00112529,0.33449237,0.00076595
147,332320,"metal windows, doors, and architectural products",us-ga,1.107e-05,0.00016211,1.626e-05,2.09e-06,0.00014382,0.02373646,4.537e-05,0.00029789,0.0,0.0,4.9e-06,0.0,169.89488062,0.00202939,1.9e-07,0.0,0.00596045,0.0,2e-08,0.0,0.00016211,0.00090922,0.33718969,0.00087566
149,332420,heavy gauge metal tanks,us-ga,3.99e-06,2.067e-05,4.59e-06,9.2e-07,0.00011936,0.02178744,4.653e-05,6.363e-05,0.0,0.0,4.51e-06,0.0,38.00674341,0.00181032,1.04e-06,0.0,0.00495557,0.0,1e-08,0.0,2.067e-05,0.00069082,0.3780079,0.00089735
150,332430,"light gauge metal cans, boxes, and containers",us-ga,2.501e-05,0.00021452,0.00030517,4.09e-06,5.453e-05,0.03300951,0.00077346,0.00017834,0.0,0.0,6.74e-06,0.0,42.03655203,0.00095681,1e-07,0.0,0.00226379,0.0,5e-08,0.0,0.00021452,0.00968211,0.24223178,0.00069504
151,332500,"metal hinges, keys, lock, and other hardware",us-ga,6.27e-06,7.967e-05,4.698e-05,1.51e-06,0.00012568,0.02511265,5.603e-05,0.00015926,0.0,0.0,2.92e-06,0.0,32.20587744,0.00178178,8e-08,0.0,0.00518791,0.0,3e-08,0.0,7.967e-05,0.00081844,0.38869834,0.00150864
152,332600,springs and wires,us-ga,2.131e-05,1.761e-05,8.269e-05,0.00040134,0.00012512,0.03805803,4.087e-05,0.00046254,0.0,0.0,8.85e-06,0.0,45.40301659,0.0020043,3.6e-07,0.0,0.00519469,0.0,1e-07,0.0,1.761e-05,0.00098626,0.38650657,0.0017878
153,332710,machine shops,us-ga,6.41e-06,1.513e-05,1.135e-05,1.69e-06,0.00023091,0.02081059,3.484e-05,8.638e-05,0.0,0.0,2.42e-06,0.0,265.36659006,0.0024359,2.1e-07,0.0,0.0085466,0.0,1e-08,0.0,1.513e-05,0.00061304,0.47827273,0.00205949
154,332720,"screws, nuts, and bolts",us-ga,7.33e-06,2.847e-05,9.08e-06,9.9e-07,9.109e-05,0.01765407,4.258e-05,0.00018043,0.0,0.0,2.13e-06,0.0,102.85640696,0.00134334,1e-07,0.0,0.00378074,0.0,1e-08,0.0,2.847e-05,0.0006412,0.46816652,0.00207769
155,332800,"metal coatings, engravings, and heat treatments",us-ga,7.419e-05,1.5e-07,0.00028267,2.79e-05,0.00015159,0.11040446,8.601e-05,0.00842186,0.0,0.0,3.041e-05,0.0,138.40810256,0.00171749,4.95e-06,0.0,0.00629374,0.0,2e-08,0.0,1.5e-07,0.00319459,0.43326391,0.00284414
156,332913,"metal plumbing drains, faucets, valves, and other fittings",us-ga,3.28e-06,2.96e-06,2.139e-05,1.12e-06,6.089e-05,0.00928869,3.461e-05,0.00026039,0.0,0.0,1.39e-06,0.0,9.26163616,0.00095397,1.1e-07,0.0,0.00252807,0.0,1e-08,0.0,2.96e-06,0.00049256,0.32612791,0.00072509
157,33291a,valve and fittings (except for plumbing),us-ga,8.72e-06,2.121e-05,4.02e-06,9.3e-07,0.00012757,0.01211722,3.236e-05,0.00030396,0.0,0.0,3.7e-06,0.0,73.19620259,0.00129444,2.8e-07,0.0,0.00524484,0.0,1e-08,0.0,2.121e-05,0.0005769,0.43181705,0.00322168
158,332991,ball and roller bearings,us-ga,9.48e-06,9.4e-07,1.974e-05,8.68e-06,0.00011851,0.03821481,3.347e-05,0.00011535,0.0,0.0,6.84e-06,0.0,24.17266949,0.00176615,1.3e-07,0.0,0.00492005,0.0,1e-08,0.0,9.4e-07,0.00074612,0.4994294,0.00062763
159,332996,fabricated pipe and pipe fittings,us-ga,2.699e-05,8.4e-06,3.357e-05,3.4e-06,0.00012211,0.01970351,0.00211447,7.034e-05,0.0,0.0,1.118e-05,0.0,26.41015983,0.0016327,1.68e-06,0.0,0.00503094,0.0,3e-08,0.0,8.4e-06,0.02415663,0.41804088,0.00143497
160,33299a,"ammunition, arms, ordnance, and related accessories",us-ga,3.903e-05,0.00017987,7.706e-05,1.501e-05,9.849e-05,0.01119839,4.577e-05,0.00058731,0.0,0.0,1.215e-05,0.0,53.87351213,0.00153435,2.48e-06,0.0,0.00408874,0.0,1e-08,0.0,0.00017987,0.00089251,0.49616283,0.00118327
161,33299b,"metal pipe fittings, ball and roller bearings, industrial patterns, metal bath fixtures, other misc. fabricated metals",us-ga,2.76e-05,8.453e-05,3.517e-05,7.027e-05,6.823e-05,0.02499194,6.591e-05,0.00017222,0.0,0.0,2.435e-05,0.0,95.53246138,0.00189472,1.48e-06,0.0,0.00282955,0.0,3e-08,0.0,8.453e-05,0.00192275,0.37705167,0.00238846
162,333111,farm machinery and equipment,us-ga,3.085e-05,9.1e-07,4.72e-05,1.5e-06,5.294e-05,0.008858,2.13e-05,0.00023624,0.0,0.0,5.53e-06,0.0,113.26221045,0.00065193,6.8e-07,0.0,0.00195095,0.0,0.0,0.0,9.1e-07,0.00062526,0.39150884,0.00032905
163,333112,lawn and garden equipment,us-ga,5.08e-06,3.124e-05,8.55e-06,5.9e-07,3.907e-05,0.01216055,5.22e-06,1.893e-05,0.0,0.0,1.15e-06,0.0,13.13163216,0.00049023,7e-08,0.0,0.00162194,0.0,0.0,0.0,3.124e-05,0.00027071,0.27973338,0.0001095
166,333220,plastics and rubber industry machinery,us-ga,2.07e-06,5.11e-06,9.5e-07,2.6e-07,0.00046147,0.01633832,6.36e-06,6.675e-05,0.0,0.0,3.4e-07,0.0,17.79380955,0.00192475,1e-08,0.0,0.01915898,0.0,0.0,0.0,5.11e-06,0.00015226,0.40221102,0.000865
167,333295,semiconductor machinery,us-ga,7.6e-07,9e-08,2.31e-05,9e-08,2.517e-05,0.00382826,4.45e-06,5.229e-05,0.0,0.0,9e-08,0.0,9.80867895,0.00071342,0.0,0.0,0.00104071,0.0,0.0,0.0,9e-08,8.476e-05,0.18914594,0.00030573
168,33329a,"machinery for the paper, textile, food or other industries (except semiconductor machinery)",us-ga,1.291e-05,0.00032343,1.178e-05,4.12e-06,0.00012544,0.0159975,9.7e-06,0.00026693,0.0,0.0,4.84e-06,0.0,75.94423437,0.00153387,1.4e-07,0.0,0.00520527,0.0,2e-08,0.0,0.00032343,0.00031812,0.3943335,0.00069356
169,333313,office machinery,us-ga,0.00012026,1.99e-06,2.985e-05,1.524e-05,0.00050795,0.10882689,8.87e-06,8.446e-05,0.0,0.0,9.86e-06,0.0,119.09560655,0.00227817,0.0,0.0,0.02021728,0.0,2e-08,0.0,1.99e-06,0.00446263,0.55811795,0.00020152
171,333315,photography and photocopying equipment,us-ga,6.199e-05,0.01339035,0.00040267,1.656e-05,0.0003179,0.03552106,3.031e-05,0.00024119,0.0,0.0,8.08e-06,0.0,80.28288953,0.00258376,6e-08,0.0,0.01264157,0.0,1.2e-07,6e-08,0.01339035,0.00150523,0.46886277,0.00075334
172,33331a,"vending, commercial laundry, and other commercial and service industry machinery",us-ga,0.00010355,2.403e-05,2.903e-05,1.456e-05,0.00012566,0.1790352,1.777e-05,5.478e-05,0.0,0.0,9.12e-06,0.0,156.69168416,0.0016662,6e-08,0.0,0.00430828,0.0,3e-08,0.0,2.403e-05,0.00389889,0.43110759,0.00044299
173,333414,heating equipment other than warm air furnaces,us-ga,8.57e-06,2.446e-05,3.36e-06,1.91e-06,6.971e-05,0.02235044,1.536e-05,5.137e-05,0.0,0.0,1.69e-06,0.0,21.61496722,0.00117612,1.3e-07,0.0,0.00284852,0.0,2e-08,0.0,2.446e-05,0.00045636,0.40786461,0.00081377
174,333415,"air conditioning, refrigeration, and warm air heating equipment",us-ga,2.72e-06,3.49e-06,1.3e-06,9.91e-06,7.103e-05,0.21327009,8.77e-06,3.451e-05,0.0,0.0,9.2e-07,0.0,86.76456447,0.00092073,1.8e-07,0.0,0.00291218,0.0,2e-08,0.0,3.49e-06,0.00026982,0.3540866,0.00025382
176,333511,industrial molds,us-ga,9.04e-06,0.00012447,1.865e-05,2.05e-06,0.00018545,0.01929158,1.483e-05,0.00014583,0.0,0.0,8.37e-06,0.0,65.18809926,0.00228586,1.8e-07,0.0,0.00769911,0.0,0.0,0.0,0.00012447,0.00046237,0.52695904,0.00425408
177,333514,"special tools, dies, jigs, and fixtures",us-ga,5.63e-06,0.00039255,3e-06,1.02e-06,0.00020733,0.01709639,1.061e-05,6.228e-05,0.0,0.0,1.33e-06,0.0,62.88194242,0.00200202,9.6e-07,0.0,0.00859523,0.0,0.0,0.0,0.00039255,0.00026423,0.48954794,0.00129578
179,33351b,"cutting and machine tool accessory, rolling mill, and other metalworking machines",us-ga,8.32e-06,4.3e-07,3.31e-06,9.1e-07,0.00013599,0.01504101,8.72e-06,0.00026382,0.0,0.0,1.14e-06,0.0,42.22577359,0.00166568,5.3e-07,0.0,0.00564583,0.0,0.0,0.0,4.3e-07,0.0003403,0.45390151,0.00145124
180,333611,turbines and turbine generator sets,us-ga,2.224e-05,1.342e-05,1.048e-05,6.89e-06,6.984e-05,0.00858493,1.737e-05,8.933e-05,0.0,0.0,2.75e-06,0.0,43.1338292,0.00087636,7.7e-07,0.0,0.00289319,0.0,2e-08,0.0,1.342e-05,0.00091025,0.37538635,0.00144987
182,333613,mechanical power transmission equipment,us-ga,9.43e-06,0.00014589,1.78e-06,1.12e-06,0.00010338,0.03168297,8.77e-06,0.00017606,0.0,0.0,9.36e-06,0.0,11.4437345,0.00118219,3.6e-07,0.0,0.00429194,0.0,0.0,0.0,0.00014589,0.00043226,0.45368027,0.00068605
183,333618,other engine equipment,us-ga,3.704e-05,0.00233217,1.074e-05,4.41e-06,5.024e-05,0.03335681,1.1e-05,7.188e-05,0.0,0.0,4.55e-06,0.0,46.53773756,0.0008434,6e-08,0.0,0.00202343,0.0,3e-08,0.0,0.00233217,0.00139152,0.25938882,0.00076334
184,333912,air and gas compressors,us-ga,5.62e-06,1.08e-06,4.624e-05,1.47e-06,5.867e-05,0.01362519,9.03e-06,2.754e-05,0.0,0.0,1.39e-06,0.0,26.01279086,0.0008914,6e-08,0.0,0.00242133,0.0,0.0,0.0,1.08e-06,0.00029737,0.41321596,0.00067907
185,33391a,pumps and pumping equipment,us-ga,3.18e-06,1.61e-06,9.7e-07,8.2e-07,5.742e-05,0.00969514,1.067e-05,2.549e-05,0.0,0.0,2.21e-06,0.0,38.70340176,0.00081084,2.3e-07,0.0,0.00238392,0.0,0.0,0.0,1.61e-06,0.00022573,0.45819427,0.00057231
186,333920,material handling equipment,us-ga,3.41e-06,1.75e-06,4.63e-06,8.8e-07,8.424e-05,0.01434668,1.556e-05,4.639e-05,0.0,0.0,1.42e-06,0.0,63.26879775,0.00081425,2e-07,0.0,0.00349647,0.0,2e-08,0.0,1.75e-06,0.00036384,0.3952407,0.00046055
188,333993,packaging machinery,us-ga,1.55e-06,1.37e-06,6e-07,1.9e-07,9.671e-05,0.00761491,8.07e-06,3.894e-05,0.0,0.0,2.2e-07,0.0,22.82036428,0.00124442,1.1e-07,0.0,0.00401508,0.0,0.0,0.0,1.37e-06,0.00015499,0.44265018,0.00028412
189,333994,industrial process furnaces and ovens,us-ga,2.42e-06,4.13e-06,1.93e-06,4.5e-07,0.00011491,0.01486043,9.97e-06,2.76e-05,0.0,0.0,6.9e-07,0.0,14.32976754,0.00155622,1e-08,0.0,0.00476499,0.0,1e-08,0.0,4.13e-06,0.00020365,0.48057404,0.00063566
190,33399a,"welding and soldering equipment, scales and balances, and other general purpose machinery",us-ga,1.126e-05,2.4e-06,2.599e-05,3.17e-06,8.714e-05,0.01575619,1.056e-05,0.0002274,0.0,0.0,3.15e-06,0.0,67.33626892,0.00107735,1.2e-07,0.0,0.00358822,0.0,2e-08,0.0,2.4e-06,0.00036619,0.394457,0.0013494
194,33411a,computer terminals and other computer peripheral equipment,us-ga,1.383e-05,0.00331599,1.233e-05,2.51e-06,0.00011016,0.02037605,9.9e-07,5.502e-05,0.0,0.0,1.46e-06,0.0,87.29637927,0.00087952,0.0,0.0,0.00417192,0.0,1e-08,1e-08,0.00331599,0.00039363,0.66635689,0.00062229
197,334290,communications equipment,us-ga,2.11e-06,5.287e-05,6.59e-06,2.5e-07,8.796e-05,0.00872619,4.15e-06,2.201e-05,0.0,0.0,9.7e-07,0.0,26.4491037,0.00076116,1e-08,0.0,0.00132347,0.0,3e-08,0.0,5.287e-05,0.00012184,0.72230389,0.00053705
198,334300,audio and video equipment,us-ga,3.5e-06,7.92e-06,6.09e-06,4.7e-07,0.00058707,0.01628932,7.05e-06,8.555e-05,0.0,0.0,7.9e-07,0.0,77.0861613,0.00099469,0.0,0.0,0.00855368,0.0,3e-08,0.0,7.92e-06,0.00024998,0.59345513,0.00168124
199,334413,semiconductors,us-ga,1.564e-05,0.00033565,0.01335677,1.98e-06,8.007e-05,0.06675443,7.13e-06,0.00304961,0.0,0.0,1.79e-06,0.0,225.23819836,0.00108087,0.0,0.0,0.00117381,0.0,3e-08,3e-08,0.00033565,0.00051216,0.87889425,0.00238852
200,334418,printed circuit and electronic assembly,us-ga,2.38e-06,4.6e-07,0.00035207,1.32e-06,0.00010906,0.00743605,1.154e-05,0.00027146,0.0,0.0,2.8e-07,0.0,36.26566547,0.00040071,1e-07,0.0,0.00163772,0.0,3e-08,0.0,4.6e-07,0.00015777,0.47143169,0.00117829
201,33441a,"electronic capacitors, resistors, coils, transformers, connectors and other components (except  semiconductors and printed circuit assemblies)",us-ga,8.5e-06,6e-08,0.00021456,4.977e-05,0.00014996,0.00782675,1.331e-05,0.00156072,0.0,0.0,9.3e-07,0.0,112.03330674,0.00082494,6e-08,0.0,0.00221126,0.0,1.2e-07,0.0,6e-08,0.00026723,0.72605506,0.00132531
202,334510,electromedical appartuses,us-ga,2.68e-06,3.96e-06,1.67e-06,4.6e-07,8.522e-05,0.00288642,1.07e-06,1.966e-05,0.0,0.0,2.3e-07,0.0,69.76219746,0.00047342,0.0,0.0,0.00135104,0.0,1e-08,0.0,3.96e-06,8.047e-05,0.76300713,0.00139524
205,334513,industrial process variable instruments,us-ga,1.83e-06,1.231e-05,2.3e-06,4.8e-07,0.00021066,0.00479703,1.99e-06,5.21e-05,0.0,0.0,3.1e-07,0.0,52.79488694,0.00092485,3e-08,0.0,0.00324277,0.0,1e-08,0.0,1.231e-05,8.83e-05,0.69092354,0.00081975
206,334514,fluid meters and counting devices,us-ga,8.43e-06,1.12e-06,1.29e-06,5.9e-07,6.51e-05,0.00404113,9.73e-06,6.776e-05,0.0,0.0,2.73e-06,0.0,10.33301385,0.00029977,1e-08,0.0,0.00103485,0.0,1e-08,0.0,1.12e-06,0.00017561,0.5513608,0.00016045
207,334515,signal testing instruments,us-ga,1.07e-06,1.6e-07,3.514e-05,3.2e-07,0.00011075,0.00317475,2.4e-06,3.536e-05,0.0,0.0,1.4e-07,0.0,37.67959603,0.00086104,0.0,0.0,0.00162321,0.0,3e-08,0.0,1.6e-07,6.679e-05,0.68487634,0.00142345
209,334517,irradiation apparatuses,us-ga,0.00011235,0.0582396,0.0002416,3.353e-05,3.808e-05,0.01886772,9.44e-06,0.00037808,0.0,0.0,1.718e-05,0.0,39.63800855,0.0005313,6e-08,0.0,0.00076569,0.0,1e-08,1.6e-07,0.0582396,0.00114955,0.50185307,0.00145708
210,33451a,"watches, clocks, and other measuring and controlling devices",us-ga,1.93e-06,2.58e-06,2.42e-06,2.4e-07,9.192e-05,0.00339536,9e-07,3.766e-05,0.0,0.0,7.3e-07,0.0,33.33178012,0.00055717,4e-08,0.0,0.00140323,0.0,1e-08,0.0,2.58e-06,8.998e-05,0.7114724,0.00068906
211,334610,"external hard drives, cds, other storage media",us-ga,2.03e-06,4.784e-05,9.6e-07,2.7e-07,0.00017877,0.01912008,3.17e-06,0.00015004,0.0,0.0,1.8e-07,0.0,23.8582768,0.00090904,0.0,0.0,0.00252301,0.0,5e-08,0.0,4.784e-05,0.00011635,0.7138237,0.00044488
212,335110,light bulbs,us-ga,9.927e-05,7.066e-05,8.306e-05,6.16e-06,0.00012548,0.04638578,9.24e-05,0.00019668,0.0,0.0,2.973e-05,0.0,5.93219434,0.00092638,2.5e-07,0.0,0.00185077,0.0,3e-08,0.0,7.066e-05,0.00283204,0.27783177,0.0005425
213,335120,light fixtures,us-ga,7.12e-06,0.00250638,2.437e-05,1.31e-06,0.00024059,0.02560579,8.49e-06,0.00022552,0.0,0.0,2.65e-06,0.0,42.0216891,0.00122954,4.6e-07,0.0,0.00361775,0.0,8e-08,0.0,0.00250638,0.00029553,0.52057675,0.00095171
214,335210,small electrical appliances,us-ga,1.951e-05,2.3e-06,1.924e-05,0.00011078,0.00016343,0.01291297,0.00090861,2.184e-05,0.0,0.0,1.87e-06,0.0,12.79234497,0.00138908,1e-08,0.0,0.00242849,0.0,3e-08,0.0,2.3e-06,0.0103387,0.45424022,0.00961826
219,335311,specialty transformers,us-ga,1.939e-05,1.48e-06,2.386e-05,3.4e-06,0.00028068,0.06780461,3.45e-06,4.826e-05,0.0,0.0,1.88e-06,0.0,20.86151049,0.00136851,2.7e-07,0.0,0.00413942,0.0,1e-08,0.0,1.48e-06,0.00079069,0.47779331,0.0003322
220,335312,motors and generators,us-ga,5.36e-06,2.7e-07,5.93e-06,6.4e-07,8.539e-05,0.01748903,3.74e-06,4.918e-05,0.0,0.0,1.51e-06,0.0,36.31910918,0.00100554,2.2e-07,0.0,0.00133922,0.0,1e-08,0.0,2.7e-07,0.00023071,0.40269551,0.00028968
222,335314,relay and industrial controls,us-ga,3.3e-06,2.58e-06,2.92e-06,5.9e-07,0.00013364,0.01036512,2.012e-05,3.108e-05,0.0,0.0,6.7e-07,0.0,50.80443061,0.00162051,6e-08,0.0,0.00206212,0.0,6e-08,0.0,2.58e-06,0.00045594,0.5570866,0.00108974
224,335912,primary batteries,us-ga,9.98e-06,0.0066039,1.764e-05,2.73e-06,0.00013416,0.00726452,3.113e-05,0.00255982,0.0,0.0,3.17e-06,0.0,10.92551703,0.00038211,4.47e-06,0.0,0.00198242,0.0,2e-08,1e-08,0.0066039,0.00034209,0.48141849,0.00027508
225,335920,communication and energy wire and cable,us-ga,4.34e-06,6.15e-06,2.306e-05,7.1e-07,4.466e-05,0.02302651,1.74e-06,0.0004225,0.0,0.0,8.62e-06,0.0,17.99769452,0.00053144,4.5e-07,0.0,0.00070259,0.0,1e-08,0.0,6.15e-06,0.00025416,0.28507525,0.00059594
226,335930,wiring devices,us-ga,1.121e-05,5.04e-06,1.138e-05,0.00025961,8.587e-05,0.01425781,6.147e-05,0.00016993,0.0,0.0,5.76e-06,0.0,46.46409498,0.00122588,5e-07,0.0,0.001334,0.0,5e-08,0.0,5.04e-06,0.00118414,0.59401085,0.00237091
227,335991,carbon and graphite products,us-ga,0.00044507,5.8e-07,0.00689851,1.291e-05,4.862e-05,0.04593248,1.944e-05,0.00014608,0.0,0.0,0.00012041,0.0,4.21655662,0.00044939,6.3e-07,0.0,0.00071291,0.0,3e-08,0.0,5.8e-07,0.00383861,0.25372186,0.00049182
228,335999,other miscellaneous electrical equipment and components,us-ga,8.15e-06,3.14e-06,3.59e-06,9.7e-07,9.896e-05,0.00694379,6.13e-06,0.00033638,0.0,0.0,5.3e-07,0.0,33.2545599,0.00110968,1.4e-07,0.0,0.00149643,0.0,2e-08,0.0,3.14e-06,0.0001517,0.46049928,0.00215466
233,336212,truck trailers,us-ga,1.233e-05,3.658e-05,0.00044446,1.64e-06,0.00076535,0.02384102,3.361e-05,0.00276237,0.0,0.0,0.0003672,0.0,36.1799373,0.00639034,3.01e-06,0.0,0.03177481,0.0,0.0,0.0,3.658e-05,0.00518499,0.26829926,0.00269014
236,336310,vehicle engines and engine parts,us-ga,8.73e-06,1.749e-05,9.82e-06,7.13e-06,7.008e-05,0.01161251,1.964e-05,6.331e-05,0.0,0.0,3.07e-06,0.0,71.59494461,0.00065435,7e-08,0.0,0.00290857,0.0,0.0,0.0,1.749e-05,0.00049575,0.26893686,0.00074323
237,336320,vehicle electrical and electronic equipment,us-ga,5.22e-06,6.8e-07,1.299e-05,1.04e-06,7.897e-05,0.00925976,2.41e-05,0.00061576,0.0,0.0,3.28e-06,0.0,97.27510185,0.00085215,5e-08,0.0,0.00303903,0.0,2e-08,0.0,6.8e-07,0.00049284,0.30478018,0.00107377
239,336360,vehicle seating and interior trim (upholstery),us-ga,3.779e-05,8.761e-05,5e-07,2.58e-06,0.00012737,0.00926445,9.2e-07,1.735e-05,0.0,0.0,1.44e-06,0.0,45.15827899,0.00056549,0.0,0.0,0.00528796,0.0,0.0,0.0,8.761e-05,7.248e-05,0.22409798,0.00071385
240,336370,vehicle metal stamping,us-ga,2.5e-06,1e-08,1.11e-06,1.06e-06,0.00014225,0.01219033,2.64e-06,2.097e-05,0.0,0.0,2.6e-07,0.0,77.11218935,0.00070172,4e-08,0.0,0.00590571,0.0,0.0,0.0,1e-08,0.0001193,0.34023434,0.00090465
241,336390,other vehicle parts,us-ga,2.89e-06,7.7e-07,8.12e-06,1.07e-06,3.211e-05,0.01352289,9.68e-06,8.38e-05,0.0,0.0,1.81e-06,0.0,138.88860356,0.00065041,8e-08,0.0,0.00132914,0.0,0.0,0.0,7.7e-07,0.00037714,0.27321534,0.00036077
242,3363a0,"motor vehicle steering, suspension components (except spring), and brake systems",us-ga,1.208e-05,3.7e-06,8.89e-06,3.59e-06,0.00018831,0.01317736,2.782e-05,0.00097544,0.0,0.0,1.71e-06,0.0,58.19889789,0.00066709,1.06e-06,0.0,0.00781824,0.0,1e-08,0.0,3.7e-06,0.00071695,0.28981223,0.00096975
244,336412,aircraft engines and parts,us-ga,3.058e-05,6.95e-06,2.715e-05,4.23e-06,6.169e-05,0.01237516,7.93e-06,0.00027147,0.0,0.0,2.57e-06,0.0,86.65989319,0.00104,6.1e-07,0.0,0.00253457,0.0,0.0,0.0,6.95e-06,0.00100347,0.37384715,0.00110899
245,336413,other aircraft parts,us-ga,1.402e-05,6e-08,4.279e-05,1.94e-06,9.725e-05,0.01855427,9.85e-06,0.00034761,0.0,0.0,2.17e-06,0.0,84.10900244,0.00108707,1.1e-07,0.0,0.0040371,0.0,1.2e-07,0.0,6e-08,0.00058427,0.45663204,0.00186997
250,336612,boats,us-ga,6.1e-06,9.24e-06,4.314e-05,1.07e-06,0.00010652,0.01472666,0.00033115,0.00019804,0.0,0.0,1.383e-05,0.0,26.72128472,0.00104577,1.3e-07,0.0,0.00442147,0.0,8e-08,0.0,9.24e-06,0.00392762,0.25123683,0.0007324
252,336992,military armored vehicles and tanks,us-ga,2.913e-05,2.514e-05,2.62e-06,1.69e-06,3.163e-05,0.02268024,8.6e-06,0.00039417,0.0,0.0,8.3e-06,0.0,6.78693328,0.00020667,1.5e-07,0.0,0.00131303,0.0,1e-08,0.0,2.514e-05,0.00056687,0.2591048,0.00034
253,336999,other transportation equipment,us-ga,9.79e-06,5.55e-06,1.563e-05,1.33e-06,0.00011652,0.0065394,3.47e-05,0.00048749,0.0,0.0,2.28e-06,0.0,15.84883415,0.00052621,2.8e-07,0.0,0.00483774,0.0,0.0,0.0,5.55e-06,0.00073754,0.22765646,0.00035794
254,337110,wood kitchen cabinets and countertops,us-ga,1.399e-05,0.00037937,0.000133,1.55e-06,0.00021653,0.0287691,0.00037761,0.00057804,0.0,0.0,3.058e-05,0.0,107.54900939,0.00422958,4e-08,0.0,0.00898971,0.0,5.35e-06,0.0,0.00037937,0.00592819,0.36612789,0.00120438
257,337127,institutional furniture,us-ga,1.192e-05,0.00668832,0.00020486,1.93e-06,0.00013453,0.03139617,0.00045068,4.29e-05,0.0,0.0,2.064e-05,0.0,28.07069803,0.002352,1.7e-07,0.0,0.00556254,0.0,8.08e-06,0.0,0.00668832,0.0055499,0.37142978,0.00124272
258,33712a,"home furniture - cabinets and non-wood, nonupholstered",us-ga,1.024e-05,3.283e-05,0.00016259,4.2e-06,0.0003275,0.03175449,0.00122529,0.00013893,0.0,0.0,1.559e-05,0.0,34.57473377,0.00230693,2e-08,0.0,0.01359417,0.0,7.97e-06,0.0,3.283e-05,0.01406945,0.33088583,0.00163052
259,337215,shelving and lockers,us-ga,1.303e-05,0.00882549,0.00012389,2.88e-06,0.00016647,0.03126312,0.00066524,5.221e-05,0.0,0.0,1.546e-05,0.0,50.41410665,0.0035339,1.2e-07,0.0,0.00686789,0.0,4.81e-06,0.0,0.00882549,0.00800273,0.36308705,0.0007818
260,33721a,office furniture and custom architectural woodwork and millwork,us-ga,2.259e-05,0.00016826,0.00014932,1.91e-06,0.00015419,0.02769609,0.00043742,0.00012197,0.0,0.0,6.23e-06,0.0,63.31056041,0.00232205,2e-08,0.0,0.00639303,0.0,8.04e-06,0.0,0.00016826,0.00703967,0.43345656,0.00160491
261,337900,"mattresses, blinds and shades",us-ga,2.58e-06,0.00019083,9.814e-05,4.8e-07,8.212e-05,0.0411827,0.0002743,1.542e-05,0.0,0.0,6e-07,0.0,33.96966026,0.00208324,1.7e-07,0.0,0.0034093,0.0,5.2e-06,0.0,0.00019083,0.00317669,0.35716541,0.00038368
262,339112,surgical and medical instruments,us-ga,4.26e-06,7.28e-06,2.539e-05,1.11e-06,0.00011332,0.00556432,1.464e-05,0.00038123,0.0,0.0,6e-07,0.0,133.59186853,0.00099138,1e-08,0.0,0.00466341,0.0,2e-08,0.0,7.28e-06,0.00025231,0.58586623,0.00160657
263,339113,surgical appliance and supplies,us-ga,3.31e-06,0.00026045,1.019e-05,2.17e-06,7.774e-05,0.01872167,4.09e-06,5.323e-05,0.0,0.0,6.6e-07,0.0,101.13546703,0.0008257,3e-08,0.0,0.00321201,0.0,1e-08,0.0,0.00026045,0.00013103,0.55226038,0.00068756
264,339114,dental equipment and supplies,us-ga,2.6e-06,7.18e-06,1.393e-05,5.5e-07,7.496e-05,0.01400271,9.6e-06,0.00011557,0.0,0.0,7.9e-07,0.0,15.10140664,0.00082449,3.1e-07,0.0,0.00311229,0.0,1.3e-07,0.0,7.18e-06,0.00017667,0.47730703,0.00064267
265,339115,ophthalmic goods,us-ga,2.2e-06,3e-08,6.43e-06,3.2e-07,9.512e-05,0.00523968,1.71e-06,0.00502958,0.0,0.0,1.54e-06,0.0,29.80195499,0.00146826,0.0,0.0,0.00393961,0.0,2e-08,0.0,3e-08,0.00012252,0.5505969,0.00076536
267,339910,jewelry and silverware,us-ga,1.277e-05,9.42e-05,0.00011637,2.74e-06,0.00089715,0.00585877,2.539e-05,4.222e-05,0.0,0.0,1.52e-06,0.0,2222.39718481,0.00098991,2e-07,0.0,0.00979407,0.0,1e-08,0.0,9.42e-05,0.00094608,0.43334451,0.0021834
268,339920,sporting and athletic goods,us-ga,7.74e-06,5.313e-05,3.015e-05,8.1e-07,0.00011689,0.01461381,2.101e-05,4.649e-05,0.0,0.0,2.06e-06,0.0,150.36572572,0.00117375,6e-08,0.0,0.00475204,0.0,1.2e-07,0.0,5.313e-05,0.0004351,0.42244659,0.00090599
269,339930,"dolls, toys, and games",us-ga,1.035e-05,7.019e-05,1.92e-05,3.14e-06,0.00026867,0.02518642,3.206e-05,6.089e-05,0.0,0.0,2.01e-06,0.0,297.45106089,0.0008539,5e-08,0.0,0.0109127,0.0,0.0,0.0,7.019e-05,0.00056532,0.38473543,0.00074209
270,339940,office supplies (not paper),us-ga,1.086e-05,7.012e-05,9.25e-06,1.53e-06,0.00020659,0.02085542,1.077e-05,0.00017388,0.0,0.0,1.41e-06,0.0,761.31367556,0.00109094,1.6e-07,0.0,0.00795753,0.0,0.0,0.0,7.012e-05,0.00038255,0.47363958,0.00195421
271,339950,signs,us-ga,9.14e-06,2.384e-05,8.94e-06,8.8e-07,0.00016657,0.01820165,9.77e-06,4.668e-05,0.0,0.0,1.49e-06,0.0,77.52171037,0.00139708,1e-08,0.0,0.00691558,0.0,5e-08,0.0,2.384e-05,0.00034052,0.42387219,0.00113037
272,339990,"gaskets, seals, musical instruments, fasteners, brooms, brushes, mop and other misc. goods",us-ga,6.528e-05,0.001885,0.00062302,5.4e-06,0.00010242,0.04034423,9.956e-05,0.00032107,0.0,0.0,4.952e-05,0.0,155.38018302,0.00102696,1.6e-07,0.0,0.00421971,0.0,3e-08,2e-08,0.001885,0.00245645,0.39252551,0.00106744
273,420000,wholesale trade,us-ga,9.3e-06,0.00090568,6.69e-06,4.4e-06,0.00165317,0.00533493,8.17e-06,4.784e-05,0.0,0.0,2.6e-06,0.0,6373.81600295,0.0002356,1e-08,0.00300676,0.00944099,0.0,3e-08,0.0,0.00090568,0.00038633,0.69140305,0.00091241
280,484000,truck transport,us-ga,0.0083139,3.971e-05,0.0071528,0.00104072,0.00029914,1.25669552,0.00054947,2.578e-05,0.0,0.0,0.00062258,1e-08,1409.32466861,0.13751794,2e-08,0.0,0.01363886,0.0,0.0,0.0,3.971e-05,0.30075032,0.43815743,0.00011779
281,485000,passenger ground transport,us-ga,0.00118309,0.06540024,0.00156682,0.00014918,0.00309505,0.25198006,6.483e-05,9.58e-06,0.0,0.0,0.00012296,0.0,395.36810194,0.23350705,3.4e-07,0.0,0.01202452,0.0,0.0,0.0,0.06540024,0.0431755,0.45762784,0.00734394
282,486000,pipeline transport,us-ga,0.00653612,0.14378733,0.00978117,0.00082259,0.0001461,1.82745981,0.00073046,4e-07,0.0,0.0,0.0002915,1e-08,67.4416949,0.00012729,1e-08,0.0,0.00057564,0.1114105,2e-07,0.0,0.03237684,0.25908384,0.79953062,0.00092976
283,48a000,scenic and sightseeing transportation and support activities for transportation,us-ga,0.00118426,0.00021494,0.00233707,0.0001313,0.00164592,0.02225462,9.3e-05,9.164e-05,0.0,1e-08,8.254e-05,1e-08,867.92495615,0.00303344,1.25e-06,0.0,0.00672211,0.0,0.0,0.0,0.00021494,0.03854067,0.51104135,0.00090431
285,492000,couriers and messengers,us-ga,9.31e-05,2.876e-05,8.052e-05,1.308e-05,0.00040251,0.02213544,6.15e-06,8.3e-06,0.0,0.0,6.98e-06,0.0,583.51420852,0.00239578,0.0,0.0,0.01840764,0.0,0.0,0.0,2.876e-05,0.00336752,0.53434206,2.287e-05
287,4a0000,other retail,us-ga,5.98e-06,0.0015377,1.693e-05,7.2e-07,0.00424893,0.00539397,8.314e-05,6.241e-05,0.0,0.0,4.04e-06,0.0,7075.39004547,0.00217266,1e-08,0.0,0.02137497,0.00102142,0.0,0.0,0.00051628,0.00465675,0.60672558,0.00051756
288,511110,newspapers,us-ga,2.31e-06,0.00564291,1.88e-06,2.9e-07,0.00020261,0.00873342,7.2e-07,2.862e-05,0.0,0.0,2.08e-06,0.0,278.65164297,0.00111561,0.0,0.0,0.00841162,0.0,0.0,0.0,0.00564291,0.00012361,0.52411745,0.00032861
289,511120,magazines and journals,us-ga,9.8e-07,2.73e-06,8.6e-07,1.2e-07,6.689e-05,0.00074086,1.14e-06,8.86e-06,0.0,0.0,1.2e-07,0.0,68.9948823,0.00061878,0.0,0.0,0.00277657,0.0,0.0,0.0,2.73e-06,4.544e-05,0.46112435,0.00021118
290,511130,books,us-ga,1.1e-06,1.34e-06,9.9e-07,1.6e-07,7.221e-05,0.00078347,2.4e-07,8.99e-06,0.0,0.0,1.4e-07,0.0,64.37647786,0.00033818,1e-08,0.0,0.0027838,0.0,0.0,0.0,1.34e-06,4.443e-05,0.71425072,0.00035596
291,5111a0,"directory, mailing list, and other publishers",us-ga,1.41e-06,0.00010484,3.4e-06,3.1e-07,9.695e-05,0.00253142,5.1e-07,1.036e-05,0.0,0.0,2.2e-07,0.0,234.86913017,0.0005759,2e-08,0.0,0.00308954,0.0,0.0,0.0,0.00010484,8.643e-05,0.57661014,0.00017712
292,511200,software,us-ga,3.6e-07,0.00080608,3e-07,4e-08,6.245e-05,0.00043401,9e-08,6.58e-06,0.0,0.0,4e-08,0.0,314.78989967,0.00018052,0.0,0.0,0.00210943,0.0,0.0,0.0,0.00080608,1.476e-05,0.65780799,3.656e-05
293,512100,movies and film,us-ga,4.4e-07,2.45e-06,3.8e-07,3.6e-07,0.00073069,0.00124015,9e-08,3.62e-06,0.0,0.0,9e-08,0.0,356.19515348,0.00041773,0.0,0.0,0.00284492,0.0,0.0,0.0,2.45e-06,1.571e-05,0.74869499,0.0001345
294,512200,sound recording,us-ga,1.02e-06,9.67e-06,9.6e-07,2.2e-07,0.00021629,0.00181841,1.49e-06,5.3e-07,0.0,0.0,1.3e-07,0.0,27.89931361,0.000772,0.0,0.0,0.00084361,0.0,3e-08,0.0,9.67e-06,5.47e-05,0.72778179,0.00039515
295,515100,radio and television,us-ga,7.4e-07,0.00099293,3e-07,9e-08,0.00035351,0.00238148,9e-08,9.73e-06,0.0,0.0,6e-08,0.0,192.3503451,0.00040452,0.0,0.0,0.00410781,0.0,0.0,0.0,0.00099293,2.778e-05,0.49871231,0.000501
296,515200,cable and subscription programming,us-ga,1.35e-06,1.846e-05,9e-08,1.6e-07,0.00011023,0.00487617,3e-08,3.03e-06,0.0,0.0,6e-08,0.0,65.21285219,0.00020106,0.0,0.0,0.00128087,0.0,0.0,0.0,1.846e-05,4.65e-05,0.49778648,5.11e-05
297,517110,telecommunications,us-ga,8.5e-07,6.49e-06,4.1e-07,2.2e-07,0.00023546,0.00114067,9e-08,6.68e-06,0.0,0.0,7e-08,0.0,552.55182092,0.00037122,0.0,0.0,0.00270625,0.0,0.0,0.0,6.49e-06,3.022e-05,0.51273575,0.00067668
300,518200,data processing and hosting,us-ga,1.9e-06,0.0215851,6.6e-07,2.4e-07,0.00038659,0.00373116,2.3e-07,1.078e-05,0.0,0.0,1.9e-07,0.0,325.0023459,0.00039602,0.0,0.0,0.00452845,0.0,0.0,0.0,0.0215851,7.142e-05,0.51002107,0.00013748
301,519130,internet publishing and broadcasting,us-ga,4.6e-07,0.0001888,3.9e-07,1.1e-07,0.00023896,0.00063965,2.4e-07,9.3e-06,0.0,0.0,1.1e-07,0.0,143.07922618,0.00035478,0.0,0.0,0.00352065,0.0,0.0,0.0,0.0001888,2.274e-05,0.55958271,0.00014926
302,5191a0,"news syndicates, libraries, archives, internet publishing and all other information services",us-ga,6.07e-06,0.00022313,1.563e-05,1.8e-06,0.00077071,0.0106605,7.14e-06,2.559e-05,0.0,0.0,9.4e-07,0.0,1572.10445899,0.00119662,1.8e-07,0.0,0.00839712,0.0,0.0,0.0,0.00022313,0.00028998,0.59535554,0.0006358
303,522a00,nondepository credit intermediation and related activities,us-ga,2.65e-06,1.8e-07,2.49e-06,3.3e-07,0.00070423,0.01007512,7.8e-07,1.682e-05,0.0,0.0,3.3e-07,0.0,1983.0421922,0.00036898,0.0,0.0,0.0073163,0.0,0.0,0.0,1.8e-07,0.00011249,0.58054977,0.00050567
304,523900,"investment advice, portfolio management, and other financial advising services",us-ga,3.1e-07,1.2e-06,2.7e-07,4e-08,0.0002702,0.00087414,8e-08,7.44e-06,0.0,0.0,4e-08,0.0,1487.95602726,0.00059682,0.0,0.0,0.00313967,0.0,0.0,0.0,1.2e-06,1.299e-05,0.46798529,0.00024246
305,523a00,securities and commodities brokerage and exchanges,us-ga,6.6e-07,1.22e-06,6.1e-07,8e-08,0.00034657,0.00111129,1.9e-07,9.54e-06,0.0,0.0,8e-08,0.0,1633.26483212,0.0005038,0.0,0.0,0.00402716,0.0,0.0,0.0,1.22e-06,2.767e-05,0.59376831,0.00065421
306,524100,insurance carriers,us-ga,1.1e-07,1.926e-05,2e-08,-3e-08,0.00029384,0.00025868,1e-08,8.11e-06,0.0,0.0,4e-08,0.0,2770.90064065,0.00015589,-0.0,0.0,0.00341419,0.0,0.0,-0.0,1.926e-05,3.85e-06,0.56702817,2.33e-05
307,524200,insurance agencies and brokerages,us-ga,3.8e-07,0.00042223,4.3e-07,8e-08,0.00056816,0.00062616,5e-08,1.564e-05,0.0,0.0,5e-08,0.0,1799.62127621,0.00054555,0.0,0.0,0.00657529,0.0,0.0,0.0,0.00042223,1.386e-05,0.51301238,0.0002628
308,525000,"funds, trusts, and financial vehicles",us-ga,3.87e-06,0.00013509,1.011e-05,1.19e-06,2.732e-05,0.00572847,9e-07,2e-06,0.0,0.0,5.7e-07,0.0,1053.59836707,0.00019724,1.2e-07,0.0,0.00018389,0.0,0.0,0.0,0.00013509,0.00014167,0.48683972,0.00035896
311,531ore,other real estate,us-ga,1.91e-06,3.7e-07,1.92e-06,2.8e-07,0.00019158,0.03939297,6.5e-07,7.709e-05,0.0,0.0,3.2e-07,0.0,1366.22278005,6.895e-05,3e-08,0.0,0.00217587,0.0,0.0,0.0,3.7e-07,8.215e-05,0.4004027,0.0011837
312,532100,vehicle rental and leasing,us-ga,2.1e-05,5.942e-05,1.96e-05,2.64e-06,0.0005475,0.0316327,2.84e-06,1.489e-05,0.0,0.0,1.89e-06,0.0,1154.11034648,0.00058489,0.0,0.0,0.00621662,0.0,0.0,0.0,5.942e-05,0.00079813,0.60632563,0.00021139
313,532400,commercial equipment rental,us-ga,6.64e-06,0.0023957,4.281e-05,1.29e-06,0.00057532,0.00490825,3.16e-06,3.543e-05,0.0,0.0,1.281e-05,0.0,911.30300024,0.00039437,0.0,0.0,0.00528711,0.0,0.0,0.0,0.0023957,0.00040801,0.68422484,0.000194
314,532a00,consumer goods and general rental centers,us-ga,3.44e-06,0.04888154,8.21e-06,8.96e-06,0.00288962,0.00933237,1.63e-05,3.637e-05,0.0,0.0,1.37e-06,0.0,1965.01143523,0.00109571,0.0,0.0,0.01659305,0.0,0.0,0.0,0.04888154,0.00066713,0.66547136,0.00048752
320,541511,custom computer programming,us-ga,8.6e-05,0.16908988,4.331e-05,4.63e-06,0.00087413,0.02700275,5.86e-06,4.696e-05,0.0,0.0,1.025e-05,0.0,1556.21823802,0.00057564,1e-07,0.0,0.00791196,0.1279069,0.0,0.0,0.04118298,0.00086193,0.67125019,0.00164201
325,541700,scientific research and development,us-ga,3.605e-05,0.02301903,2.979e-05,1.231e-05,0.00056915,0.02076932,1.219e-05,0.00016615,0.0,0.0,6.91e-06,0.0,1404.60607227,0.00069386,4e-07,0.00229204,0.0046945,0.00799246,1e-08,0.0,0.01502657,0.00087986,0.54026471,0.00587541
326,541800,advertising and public relations,us-ga,5.25e-06,6.05e-06,8.3e-06,9.1e-07,0.00046053,0.01038602,4.45e-06,3.926e-05,0.0,0.0,8.7e-07,0.0,327.92348684,0.00067786,0.0,0.0,0.00626653,0.0,0.0,0.0,6.05e-06,0.00031866,0.55022188,0.00028784
349,621900,ambulances,us-ga,3.29e-06,4.223e-05,3.63e-06,4.6e-07,0.0010319,0.00428325,7.8e-07,2.279e-05,0.0,0.0,5.9e-07,0.0,658.62682704,0.00095845,9e-08,0.0,0.00468105,0.0,0.0,0.0,4.223e-05,0.00013179,0.57778053,0.00033272
368,811100,vehicle repair,us-ga,3.03e-06,1.36e-06,2.003e-05,1.82e-06,0.00227796,0.00734353,0.00036215,0.00011487,0.0,0.0,3.6e-07,0.0,1538.37615292,0.00120249,6e-08,0.0,0.01084599,0.0,0.0,0.0,1.36e-06,0.0038618,0.6185227,0.00048657
370,811300,commercial machinery repair,us-ga,2.93e-06,1.543e-05,2.85e-06,7.5e-07,0.00142104,0.00371394,0.00011713,6.705e-05,0.0,0.0,8.4e-07,0.0,3401.59743725,0.00059592,0.0,0.0,0.00730988,0.0,0.0,0.0,1.543e-05,0.00140774,0.71929425,0.00024396
371,811400,household goods repair,us-ga,3.55e-06,0.00022681,1.87e-05,2.91e-06,0.001638,0.00527386,7.834e-05,5.939e-05,0.0,0.0,2.53e-06,0.0,1916.37052351,0.0007854,0.0,0.0,0.00778433,0.0,0.0,0.0,0.00022681,0.00128178,0.65856158,0.00099014
375,812900,"pet care, photofinishing, parking and other sundry services",us-ga,2.8e-06,1.546e-05,6.3e-06,1.102e-05,0.00218049,0.00496568,9.9e-06,0.00014285,0.0,0.0,1.13e-06,0.0,762.63271647,0.00061409,8e-08,0.0,0.00977328,0.0,0.0,0.0,1.546e-05,0.00041916,0.57956184,0.00034942
386,s00700,state and local general government,us-ga,2.5e-05,0.00092788,6.879e-05,7.94e-06,0.00015439,0.03905083,6.06e-06,1.096e-05,0.0,0.0,3.78e-06,0.0,7139.693111,0.00132825,8.2e-07,0.0,0.0009063,0.0,0.0,0.0,0.00092788,0.00091782,0.69425557,0.00245347
